[
    {
        "model": "gms.baserotation",
        "pk": "f1bd7d07-2633-4650-b85f-448f54fd3789",
        "fields": {
            "school_name": "STI",
            "start_date": "2021-10-06",
            "end_date": "2021-12-30",
            "instructor_email": "[\"testhhainstructoruser@localhost\"]"
        }
    },
    {
        "model": "gms.baserotation",
        "pk": "fdc7898d-80f0-4a48-9617-d205b1486066",
        "fields": {
            "school_name": "STI",
            "start_date": "2021-10-06",
            "end_date": "2021-12-30",
            "instructor_email": "[\"testcnainstructoruser@localhost\"]"
        }
    },


    {
        "model": "gms.baserotation",
        "pk": "1d269361-4ccc-492c-bff2-a5db199c1734",
        "fields": {
            "school_name": "STI",
            "start_date": "2022-10-06",
            "end_date": "2022-12-30",
            "instructor_email": "[\"testinstructoruser@localhost\"]"
        }
    },
    {
        "model": "gms.baserotation",
        "pk": "61c5524f-47ed-42cf-9c6a-e751f0a5c97b",
        "fields": {
            "school_name": "STI",
            "start_date": "2022-11-06",
            "end_date": "2022-11-30",
            "instructor_email": "[\"testinstructoruser@localhost\"]"
        }
    },







    {
        "model": "gms.basestudent",
        "pk": "ccc37087-32fa-4c26-8af8-e84619dc2e47",
        "fields": {
            "first_name": "Test",
            "last_name": "A",
            "makeup_student": false
        }
    },
    {
        "model": "gms.basestudent",
        "pk": "d4125d1a-56af-4522-846d-dd09cff85162",
        "fields": {
            "first_name": "Test",
            "last_name": "B",
            "makeup_student": false
        }
    },


    {
        "model": "gms.basestudent",
        "pk": "19efe58f-4bff-454b-81c3-1afca15c42a4",
        "fields": {
            "first_name": "George",
            "last_name": "Abby",
            "makeup_student": false
        }
    },
    {
        "model": "gms.basestudent",
        "pk": "20d0b65d-c125-4e2d-984e-8e318ec775e4",
        "fields": {
            "first_name": "Abby",
            "last_name": "George",
            "makeup_student": false
        }
    },



    {
        "model": "gms.baserecord",
        "pk": "868769c7-0742-4ca9-bf6a-9ab5b5cc73c1",
        "fields": {
            "date": "2021-10-01",
            "completed": true
        }
    },
    {
        "model": "gms.baserecord",
        "pk": "bad5926f-3f8e-4c73-b11d-de07b0255624",
        "fields": {
            "date": "2021-10-02",
            "completed": true
        }
    },
    {
        "model": "gms.baserecord",
        "pk": "8ab11f0b-6214-4f43-be18-8e1b711db6eb",
        "fields": {
            "date": "2021-10-03",
            "completed": true
        }
    },
    {
        "model": "gms.baserecord",
        "pk": "28b09da5-a7e0-4c9e-abd1-f88ec95c20b7",
        "fields": {
            "date": "2021-10-04",
            "completed": true
        }
    },

    




    {
        "model": "gms.baserecord",
        "pk": "6c5e5952-75af-478e-ace9-73fd0d06ff29",
        "fields": {
            "date": "2021-10-05",
            "completed": true
        }
    },
    {
        "model": "gms.baserecord",
        "pk": "6b39fbb8-9b98-4c8e-b8e4-b9de6858845a",
        "fields": {
            "date": "2021-10-06",
            "completed": true
        }
    },
    {
        "model": "gms.baserecord",
        "pk": "8ef87785-7103-4036-9673-df64b5fa5a73",
        "fields": {
            "date": "2021-10-07",
            "completed": true
        }
    },
    {
        "model": "gms.baserecord",
        "pk": "0661f433-de5a-4399-826c-585c09950c15",
        "fields": {
            "date": "2021-10-08",
            "completed": true
        }
    },






    {
        "model": "gms.cnarotation",
        "pk": "fdc7898d-80f0-4a48-9617-d205b1486066",
        "fields": {
            "baserotation_ptr": "fdc7898d-80f0-4a48-9617-d205b1486066",
            "rotation_num": 1,
            "instructor_title": "LVN",
            "clinical_site": "Rowland"
        }
    },


    {
        "model": "gms.cnarotation",
        "pk": "1d269361-4ccc-492c-bff2-a5db199c1734",
        "fields": {
            "baserotation_ptr": "1d269361-4ccc-492c-bff2-a5db199c1734",
            "rotation_num": 15,
            "instructor_title": "LVN",
            "clinical_site": "Rowland"
        }
    },



    {
        "model": "gms.cnastudent",
        "pk": "ccc37087-32fa-4c26-8af8-e84619dc2e47",
        "fields": {
            "basestudent_ptr": "ccc37087-32fa-4c26-8af8-e84619dc2e47",
            "rotation": "fdc7898d-80f0-4a48-9617-d205b1486066"
        }
    },


    {
        "model": "gms.cnastudent",
        "pk": "19efe58f-4bff-454b-81c3-1afca15c42a4",
        "fields": {
            "basestudent_ptr": "19efe58f-4bff-454b-81c3-1afca15c42a4",
            "rotation": "1d269361-4ccc-492c-bff2-a5db199c1734"
        }
    },



    {
        "model": "gms.cnatheoryrecord",
        "pk": "868769c7-0742-4ca9-bf6a-9ab5b5cc73c1",
        "fields": {
            "baserecord_ptr": "868769c7-0742-4ca9-bf6a-9ab5b5cc73c1",
            "hours_spent": 1,
            "test_score": 75,
            "topic": "Module 2 Quiz",
            "student": "ccc37087-32fa-4c26-8af8-e84619dc2e47"
        }
    },
    {
        "model": "gms.cnaclinicalrecord",
        "pk": "bad5926f-3f8e-4c73-b11d-de07b0255624",
        "fields": {
            "baserecord_ptr": "bad5926f-3f8e-4c73-b11d-de07b0255624",
            "comments": "",
            "performance_satisfied": true,
            "topic": "Mouth care of the unconscious resident",
            "student": "ccc37087-32fa-4c26-8af8-e84619dc2e47"
        }
    },







    {
        "model": "gms.cnatheoryrecord",
        "pk": "6c5e5952-75af-478e-ace9-73fd0d06ff29",
        "fields": {
            "baserecord_ptr": "6c5e5952-75af-478e-ace9-73fd0d06ff29",
            "hours_spent": 1,
            "test_score": 75,
            "topic": "Module 9 Quiz",
            "student": "19efe58f-4bff-454b-81c3-1afca15c42a4"
        }
    },
    {
        "model": "gms.cnaclinicalrecord",
        "pk": "6b39fbb8-9b98-4c8e-b8e4-b9de6858845a",
        "fields": {
            "baserecord_ptr": "6b39fbb8-9b98-4c8e-b8e4-b9de6858845a",
            "comments": "",
            "performance_satisfied": true,
            "topic": "Shampoo with shower or tub bath",
            "student": "19efe58f-4bff-454b-81c3-1afca15c42a4"
        }
    },






    {
        "model": "gms.hharotation",
        "pk": "f1bd7d07-2633-4650-b85f-448f54fd3789",
        "fields": {
            "baserotation_ptr": "f1bd7d07-2633-4650-b85f-448f54fd3789",
            "rotation_num": 1,
            "instructor_title": "LVN",
            "clinical_site": "Rowland"
        }
    },

    {
        "model": "gms.hharotation",
        "pk": "61c5524f-47ed-42cf-9c6a-e751f0a5c97b",
        "fields": {
            "baserotation_ptr": "61c5524f-47ed-42cf-9c6a-e751f0a5c97b",
            "rotation_num": 25,
            "instructor_title": "LVN",
            "clinical_site": "Rowland"
        }
    },

    
    {
        "model": "gms.hhastudent",
        "pk": "d4125d1a-56af-4522-846d-dd09cff85162",
        "fields": {
            "basestudent_ptr": "d4125d1a-56af-4522-846d-dd09cff85162",
            "rotation": "f1bd7d07-2633-4650-b85f-448f54fd3789"
        }
    },



    {
        "model": "gms.hhastudent",
        "pk": "20d0b65d-c125-4e2d-984e-8e318ec775e4",
        "fields": {
            "basestudent_ptr": "20d0b65d-c125-4e2d-984e-8e318ec775e4",
            "rotation": "61c5524f-47ed-42cf-9c6a-e751f0a5c97b"
        }
    },



    {
        "model": "gms.hhatheoryrecord",
        "pk": "8ab11f0b-6214-4f43-be18-8e1b711db6eb",
        "fields": {
            "baserecord_ptr": "8ab11f0b-6214-4f43-be18-8e1b711db6eb",
            "start_time": "22:36:21",
            "end_time": "00:00:00",
            "hours_spent": 2,
            "test_score": 40,
            "topic": "Personal Care Services",
            "student": "d4125d1a-56af-4522-846d-dd09cff85162"
        }
    },
    {
        "model": "gms.hhaclinicalrecord",
        "pk": "28b09da5-a7e0-4c9e-abd1-f88ec95c20b7",
        "fields": {
            "baserecord_ptr": "28b09da5-a7e0-4c9e-abd1-f88ec95c20b7",
            "hours_spent": 2,
            "comments": "",
            "performance_satisfied": true,
            "start_time": "22:38:07",
            "end_time": "00:00:00",
            "start_date": "2021-10-05",
            "end_date": "2021-10-06",
            "topic": "Nutrition",
            "student": "d4125d1a-56af-4522-846d-dd09cff85162"
        }
    },




    {
        "model": "gms.hhatheoryrecord",
        "pk": "8ef87785-7103-4036-9673-df64b5fa5a73",
        "fields": {
            "baserecord_ptr": "8ef87785-7103-4036-9673-df64b5fa5a73",
            "start_time": "22:36:21",
            "end_time": "00:00:00",
            "hours_spent": 2,
            "test_score": 40,
            "topic": "Introduction to Aide and Agency Role",
            "student": "20d0b65d-c125-4e2d-984e-8e318ec775e4"
        }
    },
    {
        "model": "gms.hhaclinicalrecord",
        "pk": "0661f433-de5a-4399-826c-585c09950c15",
        "fields": {
            "baserecord_ptr": "0661f433-de5a-4399-826c-585c09950c15",
            "hours_spent": 2,
            "comments": "",
            "performance_satisfied": true,
            "start_time": "22:38:07",
            "end_time": "00:00:00",
            "start_date": "2021-10-05",
            "end_date": "2021-10-06",
            "topic": "Cleaning and Care Tasks in the Home",
            "student": "20d0b65d-c125-4e2d-984e-8e318ec775e4"
        }
    },






    {
        "model": "gms.baserotation",
        "pk": "37e1c605-aced-40b6-a3fb-bf2776207f52",
        "fields": {
            "school_name": "ST2",
            "start_date": "2021-11-06",
            "end_date": "2021-11-30",
            "instructor_email": "[\"testhhainstructoruser2@localhost\"]"
        }
    },
    {
        "model": "gms.baserotation",
        "pk": "b42249ec-b354-4ff6-9ffa-f88454fdcd21",
        "fields": {
            "school_name": "ST2",
            "start_date": "2021-11-06",
            "end_date": "2021-11-30",
            "instructor_email": "[\"testcnainstructoruser2@localhost\"]"
        }
    },
    {
        "model": "gms.basestudent",
        "pk": "2ad62709-e450-4498-a28b-df0f8990e9ac",
        "fields": {
            "first_name": "Z",
            "last_name": "Test",
            "makeup_student": true
        }
    },
    {
        "model": "gms.basestudent",
        "pk": "c13a0659-64cc-4bcb-a153-ba8415f05bd0",
        "fields": {
            "first_name": "Y",
            "last_name": "Test",
            "makeup_student": true
        }
    },
    {
        "model": "gms.baserecord",
        "pk": "3795d9c5-a0ca-4ad7-ac8d-f8eb1e66be0c",
        "fields": {
            "date": "2021-11-06",
            "completed": false
        }
    },
    {
        "model": "gms.baserecord",
        "pk": "5c75dd4d-8638-47df-afa8-5e1748e19be7",
        "fields": {
            "date": "2021-11-07",
            "completed": false
        }
    },
    {
        "model": "gms.baserecord",
        "pk": "136fb640-7cd7-4f2e-892f-67b7a2a4b238",
        "fields": {
            "date": "2021-11-08",
            "completed": false
        }
    },
    {
        "model": "gms.baserecord",
        "pk": "85bf2e7d-a51c-41dd-acea-58a751c39e38",
        "fields": {
            "date": "2021-11-09",
            "completed": false
        }
    },
    {
        "model": "gms.cnarotation",
        "pk": "b42249ec-b354-4ff6-9ffa-f88454fdcd21",
        "fields": {
            "baserotation_ptr": "b42249ec-b354-4ff6-9ffa-f88454fdcd21",
            "rotation_num": 30,
            "instructor_title": "LVN",
            "clinical_site": "Pinegrove"
        }
    },
    {
        "model": "gms.cnastudent",
        "pk": "2ad62709-e450-4498-a28b-df0f8990e9ac",
        "fields": {
            "basestudent_ptr": "2ad62709-e450-4498-a28b-df0f8990e9ac",
            "rotation": "b42249ec-b354-4ff6-9ffa-f88454fdcd21"
        }
    },
    {
        "model": "gms.cnatheoryrecord",
        "pk": "3795d9c5-a0ca-4ad7-ac8d-f8eb1e66be0c",
        "fields": {
            "baserecord_ptr": "3795d9c5-a0ca-4ad7-ac8d-f8eb1e66be0c",
            "hours_spent": 1,
            "test_score": 75,
            "topic": "Module 3 Quiz",
            "student": "2ad62709-e450-4498-a28b-df0f8990e9ac"
        }
    },
    {
        "model": "gms.cnaclinicalrecord",
        "pk": "5c75dd4d-8638-47df-afa8-5e1748e19be7",
        "fields": {
            "baserecord_ptr": "5c75dd4d-8638-47df-afa8-5e1748e19be7",
            "comments": "",
            "performance_satisfied": true,
            "topic": "Positioning of call light",
            "student": "2ad62709-e450-4498-a28b-df0f8990e9ac"
        }
    },
    {
        "model": "gms.hharotation",
        "pk": "37e1c605-aced-40b6-a3fb-bf2776207f52",
        "fields": {
            "baserotation_ptr": "37e1c605-aced-40b6-a3fb-bf2776207f52",
            "rotation_num": 30,
            "instructor_title": "LVN",
            "clinical_site": "Pinegrove"
        }
    },
    {
        "model": "gms.hhastudent",
        "pk": "c13a0659-64cc-4bcb-a153-ba8415f05bd0",
        "fields": {
            "basestudent_ptr": "c13a0659-64cc-4bcb-a153-ba8415f05bd0",
            "rotation": "37e1c605-aced-40b6-a3fb-bf2776207f52"
        }
    },
    {
        "model": "gms.hhatheoryrecord",
        "pk": "136fb640-7cd7-4f2e-892f-67b7a2a4b238",
        "fields": {
            "baserecord_ptr": "136fb640-7cd7-4f2e-892f-67b7a2a4b238",
            "start_time": "22:36:21",
            "end_time": "00:00:00",
            "hours_spent": 2,
            "test_score": 40,
            "topic": "Cleaning and Care Tasks in the Home",
            "student": "c13a0659-64cc-4bcb-a153-ba8415f05bd0"
        }
    },
    {
        "model": "gms.hhaclinicalrecord",
        "pk": "85bf2e7d-a51c-41dd-acea-58a751c39e38",
        "fields": {
            "baserecord_ptr": "85bf2e7d-a51c-41dd-acea-58a751c39e38",
            "hours_spent": 2,
            "comments": "",
            "performance_satisfied": true,
            "start_time": "22:38:07",
            "end_time": "00:00:00",
            "start_date": "2021-11-05",
            "end_date": "2021-11-06",
            "topic": "Cleaning and Care Tasks in the Home",
            "student": "c13a0659-64cc-4bcb-a153-ba8415f05bd0"
        }
    }]